QRCODE;CODIGO;METODO_POSICIONAMENTO;TIPO_VERTICE;SIGMA_X;SIGMA_Y;SIGMA_Z;LADO;INDICE;X;Y;Z;GEOMETRIA_WKT;
56c93a96-4f58-4b19-9f27-0a59f01f7ba5;DSBN-P-10214;PG6;P;0,0057;0,0057;0,0107;EXTERNO;1;39 18 31,135 W;12 10 56,199 S;327.834;POINT (-39.3086486099999988 -12.1822774999999996);
56c93a96-4f58-4b19-9f27-0a59f01f7ba5;DSBN-P-10213;PG6;P;0,0064;0,0064;0,011;EXTERNO;2;39 18 29,206 W;12 10 56,221 S;334.354;POINT (-39.3081127800000019 -12.1822836100000007);
56c93a96-4f58-4b19-9f27-0a59f01f7ba5;DSBN-P-10212;PG6;P;0,006;0,006;0,0088;EXTERNO;3;39 18 27,594 W;12 10 56,277 S;331.756;POINT (-39.3076650000000001 -12.1822991700000003);
56c93a96-4f58-4b19-9f27-0a59f01f7ba5;DSBN-M-3152;PG6;M;0,0071;0,0071;0,012;EXTERNO;4;39 18 23,572 W;12 10 56,369 S;307.268;POINT (-39.3065477800000025 -12.1823247200000004);
56c93a96-4f58-4b19-9f27-0a59f01f7ba5;DSBN-M-3151;PG6;M;0,0062;0,0062;0,0113;EXTERNO;5;39 18 23,301 W;12 10 56,379 S;307.246;POINT (-39.3064724999999981 -12.1823274999999995);
56c93a96-4f58-4b19-9f27-0a59f01f7ba5;DSBN-P-10183;PG6;P;0,0071;0,0071;0,011;EXTERNO;6;39 18 22,151 W;12 10 56,422 S;314.945;POINT (-39.3061530599999998 -12.1823394399999998);
56c93a96-4f58-4b19-9f27-0a59f01f7ba5;DSBN-P-10182;PG6;P;0,0101;0,0101;0,0177;EXTERNO;7;39 18 20,051 W;12 10 56,472 S;327.878;POINT (-39.3055697200000012 -12.1823533299999998);
56c93a96-4f58-4b19-9f27-0a59f01f7ba5;DSBN-P-10181;PG6;P;0,0096;0,0096;0,0133;EXTERNO;8;39 18 18,955 W;12 10 56,498 S;333.613;POINT (-39.3052652800000004 -12.1823605599999993);
56c93a96-4f58-4b19-9f27-0a59f01f7ba5;DSBN-P-10180;PG6;P;0,0116;0,0116;0,0143;EXTERNO;9;39 18 16,882 W;12 10 56,546 S;339.938;POINT (-39.3046894399999971 -12.1823738899999992);
56c93a96-4f58-4b19-9f27-0a59f01f7ba5;DSBN-P-10179;PG6;P;0,0144;0,0144;0,0233;EXTERNO;10;39 18 14,867 W;12 10 56,587 S;343.23;POINT (-39.3041297199999988 -12.1823852800000001);
56c93a96-4f58-4b19-9f27-0a59f01f7ba5;DSBN-P-10178;PG6;P;0,0064;0,0064;0,011;EXTERNO;11;39 18 13,186 W;12 10 56,624 S;341.758;POINT (-39.3036627800000034 -12.1823955599999998);
56c93a96-4f58-4b19-9f27-0a59f01f7ba5;DSBN-P-10177;PG6;P;0,0057;0,0057;0,0089;EXTERNO;12;39 18 10,476 W;12 10 56,703 S;345.328;POINT (-39.3029099999999971 -12.1824174999999997);
56c93a96-4f58-4b19-9f27-0a59f01f7ba5;DSBN-P-10176;PG6;P;0,0078;0,0078;0,0123;EXTERNO;13;39 18 07,661 W;12 10 56,764 S;326.504;POINT (-39.3021280600000011 -12.1824344399999998);
56c93a96-4f58-4b19-9f27-0a59f01f7ba5;FHT-P-2357;PG6;P;0,01;0,013;0,007;EXTERNO;14;39 18 05,572 W;12 10 56,813 S;316.427;POINT (-39.3015477799999999 -12.1824480600000005);
56c93a96-4f58-4b19-9f27-0a59f01f7ba5;FHT-M-1464;PG6;M;0,011;0,068;0,026;EXTERNO;15;39 18 02,741 W;12 11 07,604 S;351.888;POINT (-39.3007613899999981 -12.1854455599999998);
56c93a96-4f58-4b19-9f27-0a59f01f7ba5;FHT-P-2356;PG6;P;0,022;0,076;0,033;EXTERNO;16;39 18 01,177 W;12 11 12,291 S;407.834;POINT (-39.3003269399999979 -12.1867474999999992);
56c93a96-4f58-4b19-9f27-0a59f01f7ba5;FHT-P-2355;PG6;P;0,033;0,016;0,007;EXTERNO;17;39 17 58,478 W;12 11 14,602 S;443.909;POINT (-39.2995772200000033 -12.1873894400000005);
56c93a96-4f58-4b19-9f27-0a59f01f7ba5;DSBN-P-9334;PG6;P;0,0106;0,0106;0,026;EXTERNO;18;39 17 59,144 W;12 11 14,860 S;447.923;POINT (-39.2997622199999981 -12.1874611099999992);
56c93a96-4f58-4b19-9f27-0a59f01f7ba5;DSBN-P-9335;PG6;P;0,0937;0,0937;0,647;EXTERNO;19;39 18 01,230 W;12 11 17,590 S;432.752;POINT (-39.3003416700000017 -12.1882194399999992);
56c93a96-4f58-4b19-9f27-0a59f01f7ba5;DSBN-P-9336;PG6;P;0,0375;0,0375;0,098;EXTERNO;20;39 18 01,824 W;12 11 18,190 S;432.853;POINT (-39.3005066699999972 -12.1883861099999997);
56c93a96-4f58-4b19-9f27-0a59f01f7ba5;DSBN-P-9337;PG6;P;0,0861;0,0861;0,133;EXTERNO;21;39 18 03,188 W;12 11 18,893 S;427.517;POINT (-39.3008855599999976 -12.1885813899999995);
56c93a96-4f58-4b19-9f27-0a59f01f7ba5;DSBN-P-9338;PG6;P;0,1167;0,1167;0,378;EXTERNO;22;39 18 10,567 W;12 11 22,667 S;369.346;POINT (-39.3029352799999998 -12.1896297199999992);
56c93a96-4f58-4b19-9f27-0a59f01f7ba5;DSBN-P-9339;PG6;P;0,2758;0,2758;6,84;EXTERNO;23;39 18 11,563 W;12 11 23,461 S;362.078;POINT (-39.3032119399999971 -12.1898502799999999);
56c93a96-4f58-4b19-9f27-0a59f01f7ba5;DSBN-P-9340;PG6;P;0,0948;0,0948;0,513;EXTERNO;24;39 18 12,461 W;12 11 24,476 S;364.323;POINT (-39.3034613900000025 -12.1901322200000006);
56c93a96-4f58-4b19-9f27-0a59f01f7ba5;DSBN-P-9341;PG6;P;0,0461;0,0461;0,116;EXTERNO;25;39 18 13,342 W;12 11 26,082 S;358.636;POINT (-39.3037061100000003 -12.1905783299999992);
56c93a96-4f58-4b19-9f27-0a59f01f7ba5;DSBN-P-9342;PG6;P;0,0297;0,0297;0,116;EXTERNO;26;39 18 13,835 W;12 11 26,769 S;353.954;POINT (-39.3038430599999984 -12.1907691699999994);
56c93a96-4f58-4b19-9f27-0a59f01f7ba5;DSBN-P-9343;PG6;P;0,0078;0,0078;0,021;EXTERNO;27;39 18 14,395 W;12 11 29,558 S;363.06;POINT (-39.3039986100000007 -12.1915438900000002);
56c93a96-4f58-4b19-9f27-0a59f01f7ba5;DSBN-P-9344;PG6;P;0,0121;0,0121;0,0307;EXTERNO;28;39 18 15,032 W;12 11 34,036 S;381.514;POINT (-39.3041755599999973 -12.1927877799999997);
56c93a96-4f58-4b19-9f27-0a59f01f7ba5;DSBN-P-9345;PG6;P;0,0602;0,0602;0,105;EXTERNO;29;39 18 15,171 W;12 11 34,851 S;380.912;POINT (-39.3042141700000016 -12.1930141699999997);
56c93a96-4f58-4b19-9f27-0a59f01f7ba5;DSBN-P-9346;PG6;P;0,0085;0,0085;0,021;EXTERNO;30;39 18 17,588 W;12 11 37,559 S;382.462;POINT (-39.3048855600000024 -12.1937663900000004);
56c93a96-4f58-4b19-9f27-0a59f01f7ba5;DSBN-P-9347;PG6;P;0,0226;0,0226;0,047;EXTERNO;31;39 18 18,451 W;12 11 39,170 S;383.406;POINT (-39.3051252799999986 -12.1942138900000003);
56c93a96-4f58-4b19-9f27-0a59f01f7ba5;DSBN-P-9348;PG6;P;0,0123;0,0123;0,0247;EXTERNO;32;39 18 20,347 W;12 11 45,536 S;409.414;POINT (-39.3056519399999971 -12.1959822199999994);
56c93a96-4f58-4b19-9f27-0a59f01f7ba5;DSBN-P-9349;PG6;P;0,0961;0,0961;0,958;EXTERNO;33;39 18 20,195 W;12 11 48,486 S;410.296;POINT (-39.3056097199999996 -12.1968016699999993);
56c93a96-4f58-4b19-9f27-0a59f01f7ba5;DSBN-P-9350;PG6;P;0,0179;0,0179;0,0377;EXTERNO;34;39 18 24,885 W;12 11 48,509 S;390.353;POINT (-39.3069125000000028 -12.1968080600000004);
56c93a96-4f58-4b19-9f27-0a59f01f7ba5;XMMS-M-0039;PG6;M;0,01;0,01;0,02;EXTERNO;35;39 18 27,528 W;12 11 48,525 S;376.12;POINT (-39.3076466699999969 -12.1968125000000001);
56c93a96-4f58-4b19-9f27-0a59f01f7ba5;XMMS-P-0380;PG6;P;0,01;0,01;0,02;EXTERNO;36;39 18 34,567 W;12 11 48,541 S;336.82;POINT (-39.3096019400000003 -12.1968169399999997);
56c93a96-4f58-4b19-9f27-0a59f01f7ba5;XMMS-P-0379;PG6;P;0,01;0,01;0,01;EXTERNO;37;39 18 44,111 W;12 11 48,644 S;308.91;POINT (-39.3122530600000033 -12.1968455599999999);
56c93a96-4f58-4b19-9f27-0a59f01f7ba5;AC9-M-RL49;PG6;M;0,065;0,026;0,09;EXTERNO;38;39 18 49,856 W;12 11 48,718 S;269.903;POINT (-39.3138488134972874 -12.1968659893084403);
56c93a96-4f58-4b19-9f27-0a59f01f7ba5;AC9-M-RL11;PG6;M;0,061;0,017;0,054;EXTERNO;39;39 18 59,588 W;12 11 34,729 S;251.971;POINT (-39.3165521220550929 -12.1929802290503879);
56c93a96-4f58-4b19-9f27-0a59f01f7ba5;AC9-M-RL12;PG6;M;0,004;0,003;0,009;EXTERNO;40;39 18 59,662 W;12 11 34,479 S;251.712;POINT (-39.3165727233161206 -12.1929109349878910);
56c93a96-4f58-4b19-9f27-0a59f01f7ba5;AC9-M-RL13;PG6;M;0,008;0,009;0,023;EXTERNO;41;39 18 59,712 W;12 11 34,332 S;247.438;POINT (-39.3165866476307855 -12.1928700440328601);
56c93a96-4f58-4b19-9f27-0a59f01f7ba5;AC9-M-RL14;PG6;M;0,061;0,017;0,054;EXTERNO;42;39 18 59,828 W;12 11 34,330 S;250.664;POINT (-39.3166189130228432 -12.1928693739698755);
56c93a96-4f58-4b19-9f27-0a59f01f7ba5;AC9-M-RL15;PG6;M;0,061;0,017;0,053;EXTERNO;43;39 19 01,086 W;12 11 16,145 S;252.48;POINT (-39.3169683023661705 -12.1878181096983891);
56c93a96-4f58-4b19-9f27-0a59f01f7ba5;AC9-M-RL16;PG6;M;0,061;0,017;0,053;EXTERNO;44;39 19 03,277 W;12 11 16,089 S;259.555;POINT (-39.3175768254953653 -12.1878025791085705);
56c93a96-4f58-4b19-9f27-0a59f01f7ba5;DSBN-M-3153;PG6;M;0,0078;0,0078;0,0117;EXTERNO;45;39 18 58,075 W;12 10 57,101 S;330.526;POINT (-39.3161319399999982 -12.1825280599999992);
56c93a96-4f58-4b19-9f27-0a59f01f7ba5;DSBN-P-10224;PG6;P;0,0071;0,0071;0,0117;EXTERNO;46;39 18 56,213 W;12 10 57,063 S;325.147;POINT (-39.3156147199999992 -12.1825174999999994);
56c93a96-4f58-4b19-9f27-0a59f01f7ba5;DSBN-P-10223;PG6;P;0,0061;0,0061;0,0103;EXTERNO;47;39 18 53,516 W;12 10 57,036 S;328.963;POINT (-39.3148655600000012 -12.1825100000000006);
56c93a96-4f58-4b19-9f27-0a59f01f7ba5;DSBN-P-10222;PG6;P;0,0057;0,0057;0,011;EXTERNO;48;39 18 48,817 W;12 10 57,223 S;334.016;POINT (-39.3135602799999972 -12.1825619399999994);
56c93a96-4f58-4b19-9f27-0a59f01f7ba5;DSBN-P-10221;PG6;P;0,0074;0,0074;0,0117;EXTERNO;49;39 18 44,394 W;12 10 57,368 S;335.146;POINT (-39.3123316699999990 -12.1826022199999997);
56c93a96-4f58-4b19-9f27-0a59f01f7ba5;DSBN-P-10220;PG6;P;0,0067;0,0067;0,0117;EXTERNO;50;39 18 40,967 W;12 10 57,474 S;337.205;POINT (-39.3113797199999979 -12.1826316699999992);
56c93a96-4f58-4b19-9f27-0a59f01f7ba5;DSBN-P-10219;PG6;P;0,0111;0,0111;0,0187;EXTERNO;51;39 18 38,474 W;12 10 57,562 S;337.22;POINT (-39.3106872199999984 -12.1826561099999999);
56c93a96-4f58-4b19-9f27-0a59f01f7ba5;DSBN-P-10218;PG6;P;0,0057;0,0057;0,0083;EXTERNO;52;39 18 35,767 W;12 10 57,678 S;325.637;POINT (-39.3099352799999977 -12.1826883299999995);
56c93a96-4f58-4b19-9f27-0a59f01f7ba5;DSBN-P-10217;PG6;P;0,0081;0,0081;0,0127;EXTERNO;53;39 18 34,495 W;12 10 57,737 S;315.291;POINT (-39.3095819400000011 -12.1827047200000003);
56c93a96-4f58-4b19-9f27-0a59f01f7ba5;DSBN-P-10216;PG6;P;0,0068;0,0068;0,011;EXTERNO;54;39 18 33,211 W;12 10 57,829 S;323.634;POINT (-39.3092252799999997 -12.1827302799999995);
56c93a96-4f58-4b19-9f27-0a59f01f7ba5;DSBN-P-10215;PG6;P;0,0172;0,0172;0,0233;EXTERNO;55;39 18 31,547 W;12 10 57,934 S;323.101;POINT (-39.3087630599999969 -12.1827594399999999);
